-- phpMyAdmin SQL Dump
-- version 4.6.4
-- https://www.phpmyadmin.net/
--
-- Host: 127.0.0.1
-- Generation Time: May 11, 2017 at 11:20 AM
-- Server version: 5.7.14
-- PHP Version: 5.6.25

SET SQL_MODE = "NO_AUTO_VALUE_ON_ZERO";
SET time_zone = "+00:00";


/*!40101 SET @OLD_CHARACTER_SET_CLIENT=@@CHARACTER_SET_CLIENT */;
/*!40101 SET @OLD_CHARACTER_SET_RESULTS=@@CHARACTER_SET_RESULTS */;
/*!40101 SET @OLD_COLLATION_CONNECTION=@@COLLATION_CONNECTION */;
/*!40101 SET NAMES utf8mb4 */;

--
-- Database: `store`
--

-- --------------------------------------------------------

--
-- Table structure for table `items`
--

CREATE TABLE `items` (
  `id` int(11) NOT NULL,
  `name` varchar(255) NOT NULL,
  `price` int(11) NOT NULL
) ENGINE=InnoDB DEFAULT CHARSET=latin1;

--
-- Dumping data for table `items`
--

INSERT INTO `items` (`id`, `name`, `price`) VALUES
(1, 'Canon EOS', 36000),
(2, 'Nikon DSLR', 40000),
(3, 'Sony DSLR', 45000),
(4, 'Olympus DSLR', 50000),
(5, 'Titan Model #301', 13000),
(6, 'Titan Model #201', 3000),
(7, 'HMT Milan', 8000),
(8, 'Faber Luba #111', 18000),
(9, 'H&W', 800),
(10, 'Luis Phil', 1000),
(11, 'John Zok', 1500),
(12, 'Jhalsani', 1300);

-- --------------------------------------------------------

--
-- Table structure for table `users`
--

CREATE TABLE `users` (
  `id` int(11) NOT NULL,
  `name` varchar(255) NOT NULL,
  `email` varchar(255) NOT NULL,
  `password` varchar(255) NOT NULL,
  `contact` varchar(255) NOT NULL,
  `city` varchar(255) NOT NULL,
  `address` varchar(255) NOT NULL
) ENGINE=InnoDB DEFAULT CHARSET=latin1;

--
-- Dumping data for table `users`
--

INSERT INTO `users` (`id`, `name`, `email`, `password`, `contact`, `city`, `address`) VALUES
(1, 'Pruthvi', 'pruthvi.ganji@gmail.com', 'alluarjunbunny', '8500921141', 'Hyderabad', 'Malkajgiri'),
(2, 'Pruthvi', 'ganji.pruthvi@gmail.com', '71ac0384b3f909b0d608868f6c7582ac', '8328426404', 'Hyderabad', 'Malkajgiri'),
(3, 'Ajay', 'ajaykasam1@gmail.com', 'efa545d71e354efbfa6cbe8bbae9ed67', '7894561230', 'Hyderabad', 'Hyd');

-- --------------------------------------------------------

--
-- Table structure for table `users_items`
--

CREATE TABLE `users_items` (
  `id` int(11) NOT NULL,
  `user_id` int(11) NOT NULL,
  `item_id` int(11) NOT NULL,
  `status` enum('Added to cart','Confirmed') NOT NULL
) ENGINE=InnoDB DEFAULT CHARSET=latin1;

--
-- Dumping data for table `users_items`
--

INSERT INTO `users_items` (`id`, `user_id`, `item_id`, `status`) VALUES
(1, 3, 1, 'Added to cart'),
(8, 2, 1, 'Added to cart'),
(9, 2, 2, 'Added to cart'),
(10, 2, 3, 'Added to cart'),
(11, 2, 4, 'Added to cart'),
(12, 2, 5, 'Added to cart'),
(13, 2, 6, 'Added to cart');

--
-- Indexes for dumped tables
--

--
-- Indexes for table `items`
--
ALTER TABLE `items`
  ADD PRIMARY KEY (`id`);

--
-- Indexes for table `users`
--
ALTER TABLE `users`
  ADD PRIMARY KEY (`id`);

--
-- Indexes for table `users_items`
--
ALTER TABLE `users_items`
  ADD PRIMARY KEY (`id`),
  ADD KEY `user_id` (`user_id`),
  ADD KEY `item_id` (`item_id`);

--
-- AUTO_INCREMENT for dumped tables
--

--
-- AUTO_INCREMENT for table `items`
--
ALTER TABLE `items`
  MODIFY `id` int(11) NOT NULL AUTO_INCREMENT, AUTO_INCREMENT=13;
--
-- AUTO_INCREMENT for table `users`
--
ALTER TABLE `users`
  MODIFY `id` int(11) NOT NULL AUTO_INCREMENT, AUTO_INCREMENT=4;
--
-- AUTO_INCREMENT for table `users_items`
--
ALTER TABLE `users_items`
  MODIFY `id` int(11) NOT NULL AUTO_INCREMENT, AUTO_INCREMENT=14;
--
-- Constraints for dumped tables
--

--
-- Constraints for table `users_items`
--
ALTER TABLE `users_items`
  ADD CONSTRAINT `users_items_ibfk_1` FOREIGN KEY (`user_id`) REFERENCES `users` (`id`),
  ADD CONSTRAINT `users_items_ibfk_2` FOREIGN KEY (`item_id`) REFERENCES `items` (`id`);

/*!40101 SET CHARACTER_SET_CLIENT=@OLD_CHARACTER_SET_CLIENT */;
/*!40101 SET CHARACTER_SET_RESULTS=@OLD_CHARACTER_SET_RESULTS */;
/*!40101 SET COLLATION_CONNECTION=@OLD_COLLATION_CONNECTION */;
